id,category,subcategory,prod-link,name,price,description,image,Source,country_code,topic,source_name
1,Computers,Laptops,https://webscraper.io./test-sites/e-commerce/allinone/product/60,Asus VivoBook X441NA-GA190,$295.99,"Asus VivoBook X441NA-GA190 Chocolate Black, 14"", Celeron N3450, 4GB, 128GB SSD, Endless OS, ENG kbd",https://webscraper.io./images/test-sites/e-commerce/items/cart2.png,Education White Paper,JP,education,Education White Paper
2,Computers,Laptops,https://webscraper.io./test-sites/e-commerce/allinone/product/61,Prestigio SmartBook 133S Dark Grey,$299,"Prestigio SmartBook 133S Dark Grey, 13.3"" FHD IPS, Celeron N3350 1.1GHz, 4GB, 32GB, Windows 10 Pro + Office 365 1 gadam",https://webscraper.io./images/test-sites/e-commerce/items/cart2.png,Education White Paper,JP,education,Education White Paper
3,Computers,Laptops,https://webscraper.io./test-sites/e-commerce/allinone/product/62,Prestigio SmartBook 133S Gold,$299,"Prestigio SmartBook 133S Gold, 13.3"" FHD IPS, Celeron N3350 1.1GHz, 4GB, 32GB, Windows 10 Pro + Office 365 1 gadam",https://webscraper.io./images/test-sites/e-commerce/items/cart2.png,Education White Paper,JP,education,Education White Paper
4,Computers,Laptops,https://webscraper.io./test-sites/e-commerce/allinone/product/32,Aspire E1-510,$306.99,"15.6"", Pentium N3520 2.16GHz, 4GB, 500GB, Linux",https://webscraper.io./images/test-sites/e-commerce/items/cart2.png,Education White Paper,JP,education,Education White Paper
5,Computers,Laptops,https://webscraper.io./test-sites/e-commerce/allinone/product/63,Lenovo V110-15IAP,$321.94,"Lenovo V110-15IAP, 15.6"" HD, Celeron N3350 1.1GHz, 4GB, 128GB SSD, Windows 10 Home",https://webscraper.io./images/test-sites/e-commerce/items/cart2.png,Education White Paper,JP,education,Education White Paper
6,Computers,Laptops,https://webscraper.io./test-sites/e-commerce/allinone/product/64,Lenovo V110-15IAP,$356.49,"Asus VivoBook 15 X540NA-GQ008T Chocolate Black, 15.6"" HD, Pentium N4200, 4GB, 500GB, Windows 10 Home, En kbd",https://webscraper.io./images/test-sites/e-commerce/items/cart2.png,Education White Paper,JP,education,Education White Paper
7,Computers,Laptops,https://webscraper.io./test-sites/e-commerce/allinone/product/65,Hewlett Packard 250 G6 Dark Ash Silver,$364.46,"Hewlett Packard 250 G6 Dark Ash Silver, 15.6"" HD, Celeron N3060 1.6GHz, 4GB, 128GB SSD, DOS",https://webscraper.io./images/test-sites/e-commerce/items/cart2.png,Education White Paper,JP,education,Education White Paper
8,Computers,Laptops,https://webscraper.io./test-sites/e-commerce/allinone/product/66,Acer Aspire 3 A315-31 Black,$372.7,"Acer Aspire 3 A315-31 Black, 15.6"" HD, Celeron N3350 1.1GHz, 4GB, 128GB SSD, Windows 10 Home",https://webscraper.io./images/test-sites/e-commerce/items/cart2.png,Education White Paper,JP,education,Education White Paper
9,Computers,Laptops,https://webscraper.io./test-sites/e-commerce/allinone/product/67,Acer Aspire A315-31-C33J,$379.94,"Acer Aspire A315-31-C33J Black 15.6"", HD, Celeron N3350, 4GB DDR3L, 128GB, Windows 10 Home, ENG",https://webscraper.io./images/test-sites/e-commerce/items/cart2.png,Education White Paper,JP,education,Education White Paper
10,Computers,Laptops,https://webscraper.io./test-sites/e-commerce/allinone/product/68,Acer Aspire ES1-572 Black,$379.95,"Acer Aspire ES1-572 Black, 15.6"" HD, Core i3-6006U, 4GB, 128GB SSD, Linux",https://webscraper.io./images/test-sites/e-commerce/items/cart2.png,Education White Paper,JP,education,Education White Paper
11,Computers,Laptops,https://webscraper.io./test-sites/e-commerce/allinone/product/69,Acer Aspire 3 A315-31 Black,$391.48,"Acer Aspire 3 A315-31 Black, 15.6"" HD, Pentium N4200 1.1GHz, 4GB, 128GB SSD, Windows 10 Home",https://webscraper.io./images/test-sites/e-commerce/items/cart2.png,Education White Paper,JP,education,Education White Paper
12,Computers,Laptops,https://webscraper.io./test-sites/e-commerce/allinone/product/70,Acer Aspire 3 A315-21,$393.88,"Acer Aspire 3 A315-21, 15.6"", AMD A4-9120. 4GB. 128GB SSD, Linux",https://webscraper.io./images/test-sites/e-commerce/items/cart2.png,Education White Paper,JP,education,Education White Paper
13,Computers,Laptops,https://webscraper.io./test-sites/e-commerce/allinone/product/45,Asus VivoBook Max,$399,"Asus VivoBook Max X541NA-GQ041 Black Chocolate, 15.6"" HD, Pentium N4200 1.1GHz, 4GB, 500GB, Windows 10 Home",https://webscraper.io./images/test-sites/e-commerce/items/cart2.png,Education White Paper,JP,education,Education White Paper
14,Computers,Laptops,https://webscraper.io./test-sites/e-commerce/allinone/product/71,Asus VivoBook E502NA-GO022T Dark Blue,$399.99,"Asus VivoBook E502NA-GO022T Dark Blue, 15.6"" HD, Pentium N4200 1.1GHz, 4GB, 128GB SSD, Windows 10 Home, En/Ru kbd",https://webscraper.io./images/test-sites/e-commerce/items/cart2.png,Education White Paper,JP,education,Education White Paper
15,Computers,Laptops,https://webscraper.io./test-sites/e-commerce/allinone/product/72,Lenovo ThinkPad E31-80,$404.23,"Lenovo ThinkPad E31-80, 13.3"" HD, Celeron 3855U 1.6GHz, 4GB, 128GB SSD, Windows 10 Home",https://webscraper.io./images/test-sites/e-commerce/items/cart2.png,Education White Paper,JP,education,Education White Paper
16,Computers,Laptops,https://webscraper.io./test-sites/e-commerce/allinone/product/73,Acer Aspire 3 A315-31 Black,$408.98,"Acer Aspire 3 A315-31 Black, 15.6"" HD, Pentium N4200 1.1GHz, 4GB, 128GB SSD, Windows 10 Home",https://webscraper.io./images/test-sites/e-commerce/items/cart2.png,Education White Paper,JP,education,Education White Paper
17,Computers,Laptops,https://webscraper.io./test-sites/e-commerce/allinone/product/74,Lenovo V110-15ISK,$409.63,"Lenovo V110-15ISK, 15.6"" HD, Core i3-6006U, 8GB, 128GB SSD, Windows 10 Home",https://webscraper.io./images/test-sites/e-commerce/items/cart2.png,Education White Paper,JP,education,Education White Paper
18,Computers,Laptops,https://webscraper.io./test-sites/e-commerce/allinone/product/75,Acer Aspire ES1-732 Black,$410.46,"Acer Aspire ES1-732 Black, 17.3"" HD+, Celeron, N3350, 4GB, 1TB, Windows 10 Home",https://webscraper.io./images/test-sites/e-commerce/items/cart2.png,Education White Paper,JP,education,Education White Paper
19,Computers,Laptops,https://webscraper.io./test-sites/e-commerce/allinone/product/76,Asus VivoBook 15 X540NA-GQ026T,$410.66,"Asus VivoBook 15 X540NA-GQ026T Chocolate Black, 15.6"" HD, Pentium N4200, 4GB, 128GB SSD, Windows 10 Home, En/Ru kbd",https://webscraper.io./images/test-sites/e-commerce/items/cart2.png,Education White Paper,JP,education,Education White Paper
20,Computers,Laptops,https://webscraper.io./test-sites/e-commerce/allinone/product/31,Packard 255 G2,$416.99,"15.6"", AMD E2-3800 1.3GHz, 4GB, 500GB, Windows 8.1",https://webscraper.io./images/test-sites/e-commerce/items/cart2.png,Education White Paper,JP,education,Education White Paper
21,Computers,Laptops,https://webscraper.io./test-sites/e-commerce/allinone/product/77,Asus EeeBook R416NA-FA014T,$433.3,"Asus EeeBook R416NA-FA014T, 14"" FHD, Pentium N4200, 4GB, 128GB eMMC, Windows 10 Home, Eng kbd",https://webscraper.io./images/test-sites/e-commerce/items/cart2.png,Education White Paper,JP,education,Education White Paper
22,Computers,Laptops,https://webscraper.io./test-sites/e-commerce/allinone/product/78,Acer Aspire 3 A315-51,$436.29,"Acer Aspire 3 A315-51, 15.6"" HD, Core i3-6006U, 4GB, 1TB, Windows 10 Home",https://webscraper.io./images/test-sites/e-commerce/items/cart2.png,Education White Paper,JP,education,Education White Paper
23,Computers,Laptops,https://webscraper.io./test-sites/e-commerce/allinone/product/79,Acer Aspire ES1-572 Black,$436.29,"Acer Aspire ES1-572 Black, 15.6"" HD, Core i3-6006U, 4GB, 500GB, Windows 10 Home",https://webscraper.io./images/test-sites/e-commerce/items/cart2.png,Education White Paper,JP,education,Education White Paper
24,Computers,Laptops,https://webscraper.io./test-sites/e-commerce/allinone/product/80,Acer Extensa 15 (2540) Black,$439.73,"Acer Extensa 15 (2540) Black, 15.6"" HD, Core i5-7200U, 4GB, 500GB, Linux",https://webscraper.io./images/test-sites/e-commerce/items/cart2.png,Education White Paper,JP,education,Education White Paper
25,Computers,Laptops,https://webscraper.io./test-sites/e-commerce/allinone/product/81,Acer Aspire ES1-572 Black,$454.62,"Acer Aspire ES1-572 Black, 15.6"" HD, Core i5-7200U, 4GB, 500GB, Linux",https://webscraper.io./images/test-sites/e-commerce/items/cart2.png,Education White Paper,JP,education,Education White Paper
26,Computers,Laptops,https://webscraper.io./test-sites/e-commerce/allinone/product/82,Lenovo V110-15ISK,$454.73,"Lenovo V110-15ISK, 15.6"" HD, Core i3-6006U, 4GB, 128GB SSD, Windows 10 Pro",https://webscraper.io./images/test-sites/e-commerce/items/cart2.png,Education White Paper,JP,education,Education White Paper
27,Computers,Laptops,https://webscraper.io./test-sites/e-commerce/allinone/product/83,Acer Aspire A315-51-33TG,$457.38,"Acer Aspire A315-51-33TG, Black 15.6"" HD, Core i3-7100U, 4GB DDR4, 128GB SSD, Windows 10 Home, ENG",https://webscraper.io./images/test-sites/e-commerce/items/cart2.png,Education White Paper,JP,education,Education White Paper
28,Computers,Laptops,https://webscraper.io./test-sites/e-commerce/allinone/product/84,Lenovo V110-15IKB,$465.95,"Lenovo V110-15IKB, 15.6"" HD, Core i5-7200U, 4GB, 500GB, DOS",https://webscraper.io./images/test-sites/e-commerce/items/cart2.png,Education White Paper,JP,education,Education White Paper
29,Computers,Laptops,https://webscraper.io./test-sites/e-commerce/allinone/product/85,Asus VivoBook 15 X540UA-DM260 Chocolate Black,$468.56,"Asus VivoBook 15 X540UA-DM260 Chocolate Black, 15.6"" FHD, Core i3-6006U, 4GB, 256GB SSD, Endless OS, En kbd",https://webscraper.io./images/test-sites/e-commerce/items/cart2.png,Education White Paper,JP,education,Education White Paper
30,Computers,Laptops,https://webscraper.io./test-sites/e-commerce/allinone/product/86,Acer Aspire ES1-572 Black,$469.1,"Acer Aspire ES1-572 Black, 15.6"" HD, Core i3-6006U, 4GB, 128GB SSD, Windows 10 Home",https://webscraper.io./images/test-sites/e-commerce/items/cart2.png,Education White Paper,JP,education,Education White Paper
31,Computers,Laptops,https://webscraper.io./test-sites/e-commerce/allinone/product/87,Lenovo V510 Black,$484.23,"Lenovo V510 Black, 14"" HD, Core i3-6006U, 4GB, 128GB SSD, Windows 10 Home",https://webscraper.io./images/test-sites/e-commerce/items/cart2.png,Education White Paper,JP,education,Education White Paper
32,Computers,Laptops,https://webscraper.io./test-sites/e-commerce/allinone/product/88,Acer Aspire ES1-572 Black,$485.9,"Acer Aspire ES1-572 Black, 15.6"" HD, Core i5-7200U, 4GB, 128GB SSD, Linux",https://webscraper.io./images/test-sites/e-commerce/items/cart2.png,Education White Paper,JP,education,Education White Paper
33,Computers,Laptops,https://webscraper.io./test-sites/e-commerce/allinone/product/89,Lenovo V510 Black,$487.8,"Lenovo V510 Black, 15.6"" HD, Core i3-6006U, 4GB, 128GB SSD, Windows 10 Home",https://webscraper.io./images/test-sites/e-commerce/items/cart2.png,Education White Paper,JP,education,Education White Paper
34,Computers,Laptops,https://webscraper.io./test-sites/e-commerce/allinone/product/90,Acer Swift 1 SF113-31 Silver,$488.64,"Acer Swift 1 SF113-31 Silver, 13.3"" FHD, Pentium N4200, 4GB, 128GB SSD, Windows 10 Home",https://webscraper.io./images/test-sites/e-commerce/items/cart2.png,Education White Paper,JP,education,Education White Paper
35,Computers,Laptops,https://webscraper.io./test-sites/e-commerce/allinone/product/46,Dell Vostro 15,$488.78,"Dell Vostro 15 (3568) Black, 15.6"" FHD, Core i5-7200U, 4GB, 128GB SSD, Radeon R5 M420 2GB, Linux",https://webscraper.io./images/test-sites/e-commerce/items/cart2.png,Education White Paper,JP,education,Education White Paper
36,Computers,Laptops,https://webscraper.io./test-sites/e-commerce/allinone/product/91,Acer Aspire 3 A315-51 Black,$494.71,"Acer Aspire 3 A315-51 Black, 15.6"" FHD, Core i3-7100U, 4GB, 500GB + 128GB SSD, Windows 10 Home",https://webscraper.io./images/test-sites/e-commerce/items/cart2.png,Education White Paper,JP,education,Education White Paper
37,Computers,Laptops,https://webscraper.io./test-sites/e-commerce/allinone/product/92,Dell Vostro 15 (3568) Red,$497.17,"Dell Vostro 15 (3568) Red, 15.6"" HD, Core i5-7200U, 4GB, 1TB, Radeon R5 M420 2GB, Linux",https://webscraper.io./images/test-sites/e-commerce/items/cart2.png,Education White Paper,JP,education,Education White Paper
38,Computers,Laptops,https://webscraper.io./test-sites/e-commerce/allinone/product/93,Lenovo V510 Black,$498.23,"Lenovo V510 Black, 15.6"" FHD, Core i3-7100U, 4GB, 128GB SSD, Windows 10 Pro",https://webscraper.io./images/test-sites/e-commerce/items/cart2.png,Education White Paper,JP,education,Education White Paper
39,Computers,Laptops,https://webscraper.io./test-sites/e-commerce/allinone/product/42,HP 250 G3,$520.99,"15.6"", CoreÂ i5-4210U, 4GB, 500GB, Windows 8.1",https://webscraper.io./images/test-sites/e-commerce/items/cart2.png,Education White Paper,JP,education,Education White Paper
40,Computers,Laptops,https://webscraper.io./test-sites/e-commerce/allinone/product/47,Acer Spin 5,$564.98,"Acer Spin 5 SP513-51 Black, 13.3"" FHD Touch, Core i3-7100U, 4GB, 128GB SSD, Windows 10 Home",https://webscraper.io./images/test-sites/e-commerce/items/cart2.png,Education White Paper,JP,education,Education White Paper
41,Computers,Laptops,https://webscraper.io./test-sites/e-commerce/allinone/product/44,HP 350 G1,$577.99,"15.6"", Core i5-4200U, 4GB, 750GB, Radeon HD8670M 2GB, Windows",https://webscraper.io./images/test-sites/e-commerce/items/cart2.png,Education White Paper,JP,education,Education White Paper
42,Computers,Laptops,https://webscraper.io./test-sites/e-commerce/allinone/product/36,Aspire E1-572G,$581.99,"15.6"", Core i5-4200U, 8GB, 1TB, Radeon R7 M265, Windows 8.1",https://webscraper.io./images/test-sites/e-commerce/items/cart2.png,Education White Paper,JP,education,Education White Paper
43,Computers,Laptops,https://webscraper.io./test-sites/e-commerce/allinone/product/38,Pavilion,$609.99,"15.6"", Core i5-4200U, 6GB, 750GB, Windows 8.1",https://webscraper.io./images/test-sites/e-commerce/items/cart2.png,Education White Paper,JP,education,Education White Paper
44,Computers,Laptops,https://webscraper.io./test-sites/e-commerce/allinone/product/48,Acer Aspire A515-51-5654,$679,"Acer Aspire A515-51-5654, Black, 15.6"", FHD, Core i5-8250U, 8GB DDR4, 256GB SSD, Windows 10 Home, ENG",https://webscraper.io./images/test-sites/e-commerce/items/cart2.png,Education White Paper,JP,education,Education White Paper
45,Computers,Laptops,https://webscraper.io./test-sites/e-commerce/allinone/product/49,Dell Inspiron 15,$679,"Dell Inspiron 15 (5567) Fog Gray, 15.6"" FHD, Core i5-7200U, 8GB, 1TB, Radeon R7 M445 4GB, Linux",https://webscraper.io./images/test-sites/e-commerce/items/cart2.png,Education White Paper,JP,education,Education White Paper
46,Computers,Laptops,https://webscraper.io./test-sites/e-commerce/allinone/product/50,Asus VivoBook S14,$729,"Asus VivoBook S14 (S406UA-BV041T) Starry Grey, 14"", Core i5-8250U, 8GB, 256GB SSD, Windows 10 Home, Eng kbd",https://webscraper.io./images/test-sites/e-commerce/items/cart2.png,Education White Paper,JP,education,Education White Paper
47,Computers,Laptops,https://webscraper.io./test-sites/e-commerce/allinone/product/34,ProBook,$739.99,"14"", Core i5 2.6GHz, 4GB, 500GB, Win7 Pro 64bit",https://webscraper.io./images/test-sites/e-commerce/items/cart2.png,Education White Paper,JP,education,Education White Paper
48,Computers,Laptops,https://webscraper.io./test-sites/e-commerce/allinone/product/39,Inspiron 15,$745.99,"Moon Silver, 15.6"", Core i7-4510U, 8GB, 1TB, Radeon HD R7 M265 2GB,",https://webscraper.io./images/test-sites/e-commerce/items/cart2.png,Education White Paper,JP,education,Education White Paper
49,Computers,Laptops,https://webscraper.io./test-sites/e-commerce/allinone/product/51,Asus ROG STRIX GL553VD-DM256,$799,"Asus ROG STRIX GL553VD-DM256, 15.6"" FHD, Core i5-7300HQ, 8GB, 1TB, GeForce GTX 1050 2GB, No OS",https://webscraper.io./images/test-sites/e-commerce/items/cart2.png,Education White Paper,JP,education,Education White Paper
50,Computers,Laptops,https://webscraper.io./test-sites/e-commerce/allinone/product/52,Acer Nitro 5 AN515-51,$809,"Acer Nitro 5 AN515-51, 15.6"" FHD IPS, Core i5-7300HQ, 8GB, 1TB, GeForce GTX 1050 2GB, Windows 10 Home",https://webscraper.io./images/test-sites/e-commerce/items/cart2.png,Education White Paper,JP,education,Education White Paper
51,Computers,Laptops,https://webscraper.io./test-sites/e-commerce/allinone/product/53,Asus ROG STRIX GL553VD-DM256,$899,"Asus ROG STRIX GL553VD-DM256, 15.6"" FHD, Core i5-7300HQ, 8GB, 1TB, GeForce GTX 1050 2GB, No OS + Windows 10 Home",https://webscraper.io./images/test-sites/e-commerce/items/cart2.png,Education White Paper,JP,education,Education White Paper
52,Computers,Laptops,https://webscraper.io./test-sites/e-commerce/allinone/product/54,Lenovo ThinkPad L570,$999,"Lenovo ThinkPad L570, 15.6"" FHD, Core i7-7500U, 8GB, 256GB SSD, Windows 10 Pro",https://webscraper.io./images/test-sites/e-commerce/items/cart2.png,Education White Paper,JP,education,Education White Paper
53,Computers,Laptops,https://webscraper.io./test-sites/e-commerce/allinone/product/37,ThinkPad Yoga,$1033.99,"12.5"" Touch, Core i3-4010U, 4GB, 500GB + 16GB SSD Cache,",https://webscraper.io./images/test-sites/e-commerce/items/cart2.png,Education White Paper,JP,education,Education White Paper
54,Computers,Laptops,https://webscraper.io./test-sites/e-commerce/allinone/product/94,Lenovo ThinkPad L460,$1096.02,"Lenovo ThinkPad L460, 14"" FHD IPS, Core i7-6600U, 8GB, 256GB SSD, Windows 10 Pro",https://webscraper.io./images/test-sites/e-commerce/items/cart2.png,Education White Paper,JP,education,Education White Paper
55,Computers,Laptops,https://webscraper.io./test-sites/e-commerce/allinone/product/95,Dell Inspiron 15 (7567) Black,$1098.42,"Dell Inspiron 15 (7567) Black, 15.6"" FHD, Core i5-7300HQ, 8GB, 256GB SSD, GeForce GTX 1050 4GB, Windows 10 Home",https://webscraper.io./images/test-sites/e-commerce/items/cart2.png,Education White Paper,JP,education,Education White Paper
56,Computers,Laptops,https://webscraper.io./test-sites/e-commerce/allinone/product/96,MSI GL72M 7RDX,$1099,"MSI GL72M 7RDX, 17.3"" FHD, Core i5-7300HQ, 8GB, 1TB + 128GB SSD, GeForce GTX 1050 2GB, Windows 10 Home",https://webscraper.io./images/test-sites/e-commerce/items/cart2.png,Education White Paper,JP,education,Education White Paper
57,Computers,Laptops,https://webscraper.io./test-sites/e-commerce/allinone/product/97,MSI GL72M 7RDX,$1099,"Asus ROG Strix GL553VD-DM535T, 15.6"" FHD, Core i7-7700HQ, 8GB, 1TB + 128GB SSD, GeForce GTX 1050 2GB, Windows 10 Home, Eng kbd",https://webscraper.io./images/test-sites/e-commerce/items/cart2.png,Education White Paper,JP,education,Education White Paper
58,Computers,Laptops,https://webscraper.io./test-sites/e-commerce/allinone/product/98,Asus ROG Strix GL553VD-DM535T,$1101.83,"Apple MacBook Air 13.3"", Core i5 1.8GHz, 8GB, 128GB SSD, Intel HD 4000, RUS",https://webscraper.io./images/test-sites/e-commerce/items/cart2.png,Education White Paper,JP,education,Education White Paper
59,Computers,Laptops,https://webscraper.io./test-sites/e-commerce/allinone/product/99,Dell Latitude 5280,$1102.66,"Dell Latitude 5280, 12.5"" HD, Core i5-7300U, 8GB, 256GB SSD, Windows 10 Pro",https://webscraper.io./images/test-sites/e-commerce/items/cart2.png,Education White Paper,JP,education,Education White Paper
60,Computers,Laptops,https://webscraper.io./test-sites/e-commerce/allinone/product/100,Dell Latitude 5480,$1110.14,"Dell Latitude 5480, 14"" FHD, Core i5-7300U, 8GB, 500GB, Linux + Windows 10 Home",https://webscraper.io./images/test-sites/e-commerce/items/cart2.png,Education White Paper,JP,education,Education White Paper
61,Computers,Laptops,https://webscraper.io./test-sites/e-commerce/allinone/product/101,Lenovo Legion Y520-15IKBM,$1112.91,"Lenovo Legion Y520-15IKBM, Black, 15.6"" FHD IPS, Core i5-7300HQ, 8 GB, 128GB SSD + 2 TB HDD, NVIDIA GeForce GTX 1060 6 GB, FreeDOS + Windows 10 Home",https://webscraper.io./images/test-sites/e-commerce/items/cart2.png,Education White Paper,JP,education,Education White Paper
62,Computers,Laptops,https://webscraper.io./test-sites/e-commerce/allinone/product/102,Toshiba Portege Z30-C-16J Grey,$1114.55,"Toshiba Portege Z30-C-16J Grey, 13.3"" FHD, Core i5-6200U, 8GB, 256GB SSD, Windows 10 Pro",https://webscraper.io./images/test-sites/e-commerce/items/cart2.png,Education White Paper,JP,education,Education White Paper
63,Computers,Laptops,https://webscraper.io./test-sites/e-commerce/allinone/product/103,Acer Predator Helios 300 (PH317-51),$1123.87,"Acer Predator Helios 300 (PH317-51), 17.3"" FHD IPS, Core i5-7300HQ, 8GB, 1TB + 128GB SSD, GeForce GTX 1050Ti 4GB, Windows 10 Home",https://webscraper.io./images/test-sites/e-commerce/items/cart2.png,Education White Paper,JP,education,Education White Paper
64,Computers,Laptops,https://webscraper.io./test-sites/e-commerce/allinone/product/104,Acer Aspire 7 A715-71G,$1123.87,"Acer Aspire 7 A715-71G, 15.6"" FHD IPS, Core i7-7700HQ, 8GB, 128GB SSD + 1TB HDD, GTX 1050 Ti 4GB, Windows 10 Home",https://webscraper.io./images/test-sites/e-commerce/items/cart2.png,Education White Paper,JP,education,Education White Paper
65,Computers,Laptops,https://webscraper.io./test-sites/e-commerce/allinone/product/105,Dell Inspiron 17 2in1 (7779) Silver,$1124.2,"Dell Inspiron 17 2in1 (7779) Silver, 17.3"" FHD Touch, Core i5-7200U, 12GB, 1TB, GeForce GT940MX 2GB, Windows 10 Home",https://webscraper.io./images/test-sites/e-commerce/items/cart2.png,Education White Paper,JP,education,Education White Paper
66,Computers,Laptops,https://webscraper.io./test-sites/e-commerce/allinone/product/106,Dell Latitude 5480,$1133.82,"Dell Latitude 5480, 14"" FHD, Core i5-7300U, 8GB, 500GB, Windows 10 Pro",https://webscraper.io./images/test-sites/e-commerce/items/cart2.png,Education White Paper,JP,education,Education White Paper
67,Computers,Laptops,https://webscraper.io./test-sites/e-commerce/allinone/product/107,Lenovo Legion Y520,$1133.91,"Lenovo Legion Y520, 15.6"" FHD, Core i7-7700HQ, 8GB, 128 GB SSD + 1TB HDD, GTX 1050 4GB, Windows 10 Home",https://webscraper.io./images/test-sites/e-commerce/items/cart2.png,Education White Paper,JP,education,Education White Paper
68,Computers,Laptops,https://webscraper.io./test-sites/e-commerce/allinone/product/108,Asus AsusPro Advanced BU401LA-FA271G Dark Grey,$1139.54,"Asus AsusPro Advanced BU401LA-FA271G Dark Grey, 14"", Core i5-4210U, 4GB, 128GB SSD, Win7 Pro 64bit, ENG",https://webscraper.io./images/test-sites/e-commerce/items/cart2.png,Education White Paper,JP,education,Education White Paper
69,Computers,Laptops,https://webscraper.io./test-sites/e-commerce/allinone/product/109,Acer Nitro 5 AN515-51,$1140.62,"Acer Nitro 5 AN515-51, 15.6"" FHD IPS, Core i7-7700HQ, 8GB, 256GB SSD +1TB, GeForce GTX 1050 Ti 4GB, Windows 10 Home + Windows 10 Home",https://webscraper.io./images/test-sites/e-commerce/items/cart2.png,Education White Paper,JP,education,Education White Paper
70,Computers,Laptops,https://webscraper.io./test-sites/e-commerce/allinone/product/110,Dell Latitude 5480,$1143.4,"Dell Latitude 5480, 14"" FHD, Core i5-7440HQ, 8GB, 256GB SSD, Windows 10 Pro",https://webscraper.io./images/test-sites/e-commerce/items/cart2.png,Education White Paper,JP,education,Education White Paper
71,Computers,Laptops,https://webscraper.io./test-sites/e-commerce/allinone/product/111,Dell Inspiron 15 (7567) Black,$1144.2,"Dell Inspiron 15 (7567) Black, 15.6"" FHD, Core i7-7700HQ, 8GB, 1TB, GeForce GTX 1050 Ti 4GB, Linux + Windows 10 Home",https://webscraper.io./images/test-sites/e-commerce/items/cart2.png,Education White Paper,JP,education,Education White Paper
72,Computers,Laptops,https://webscraper.io./test-sites/e-commerce/allinone/product/112,Dell Latitude 5580,$1144.4,"Dell Latitude 5580, 15.6"" FHD, Core i5-7300U, 8GB, 256GB SSD, Windows 10 Pro",https://webscraper.io./images/test-sites/e-commerce/items/cart2.png,Education White Paper,JP,education,Education White Paper
73,Computers,Laptops,https://webscraper.io./test-sites/e-commerce/allinone/product/55,Lenovo Legion Y520-15IKBM,$1149,"Lenovo Legion Y520-15IKBM, 15.6"" FHD IPS, Core i7-7700HQ, 8GB, 128GB SSD + 1TB, GeForce GTX 1060 Max-Q 6GB, DOS",https://webscraper.io./images/test-sites/e-commerce/items/cart2.png,Education White Paper,JP,education,Education White Paper
74,Computers,Laptops,https://webscraper.io./test-sites/e-commerce/allinone/product/113,MSI GP62M 7RDX Leopard,$1149,"MSI GP62M 7RDX Leopard, 15.6"" FHD, Core i7-7700HQ, 8GB, 1TB + 128GB SSD, GeForce GTX 1050 2GB, Windows 10 Home",https://webscraper.io./images/test-sites/e-commerce/items/cart2.png,Education White Paper,JP,education,Education White Paper
75,Computers,Laptops,https://webscraper.io./test-sites/e-commerce/allinone/product/114,Lenovo Yoga 720 Grey,$1149.73,"Lenovo Yoga 720 Grey, 15.6"" FHD IPS, Core i5-7300HQ, 8GB, 256GB SSD, GeForce GTX 1050 2GB, Windows 10 Home",https://webscraper.io./images/test-sites/e-commerce/items/cart2.png,Education White Paper,JP,education,Education White Paper
76,Computers,Laptops,https://webscraper.io./test-sites/e-commerce/allinone/product/115,Toshiba Portege Z30-C-16L Grey,$1154.04,"Toshiba Portege Z30-C-16L Grey, 13.3"" FHD, Core i7-6500U, 8GB, 256GB SSD, Windows 10 Pro",https://webscraper.io./images/test-sites/e-commerce/items/cart2.png,Education White Paper,JP,education,Education White Paper
77,Computers,Laptops,https://webscraper.io./test-sites/e-commerce/allinone/product/116,Acer TravelMate P645-S-511A Black,$1170.1,"Acer TravelMate P645-S-511A Black, 14"" FHD IPS, Core i5-5200U, 8GB, 256GB SSD, 3G, Windows 10 Pro",https://webscraper.io./images/test-sites/e-commerce/items/cart2.png,Education White Paper,JP,education,Education White Paper
78,Computers,Laptops,https://webscraper.io./test-sites/e-commerce/allinone/product/117,Dell Latitude 5580,$1178.19,"Dell Latitude 5580, 15.6"" FHD, Core i5-7300U, 16GB, 256GB SSD, Linux + Windows 10 Home",https://webscraper.io./images/test-sites/e-commerce/items/cart2.png,Education White Paper,JP,education,Education White Paper
79,Computers,Laptops,https://webscraper.io./test-sites/e-commerce/allinone/product/33,ThinkPad T540p,$1178.99,"15.6"", Core i5-4200M, 4GB, 500GB, Win7 Pro 64bit",https://webscraper.io./images/test-sites/e-commerce/items/cart2.png,Education White Paper,JP,education,Education White Paper
80,Computers,Laptops,https://webscraper.io./test-sites/e-commerce/allinone/product/118,MSI GS63 7RD Stealth,$1179,"MSI GS63 7RD Stealth, 15.6"" FHD IPS, Core i7-7700HQ, 8GB, 256GB SSD, GeForce GTX 1050 2GB, DOS + Windows 10 Home",https://webscraper.io./images/test-sites/e-commerce/items/cart2.png,Education White Paper,JP,education,Education White Paper
81,Computers,Laptops,https://webscraper.io./test-sites/e-commerce/allinone/product/119,Dell Latitude 5480,$1187.88,"Dell Latitude 5480, 14"" FHD, Core i5-7300U, 8GB, 256GB SSD, Windows 10 Pro",https://webscraper.io./images/test-sites/e-commerce/items/cart2.png,Education White Paper,JP,education,Education White Paper
82,Computers,Laptops,https://webscraper.io./test-sites/e-commerce/allinone/product/120,Acer Predator Helios 300 (PH317-51),$1187.98,"Acer Predator Helios 300 (PH317-51), 17.3"" FHD IPS, Core i7-7700HQ. 8GB, 128GB SSD +1TB, GeForce GTX 1050Ti 4GB, Linux + Windows 10 Home",https://webscraper.io./images/test-sites/e-commerce/items/cart2.png,Education White Paper,JP,education,Education White Paper
83,Computers,Laptops,https://webscraper.io./test-sites/e-commerce/allinone/product/121,MSI GL62M 7REX,$1199,"MSI GL62M 7REX, 15.6"" FHD, Core i7-7700HQ, 8GB, 1TB + 128GB SSD, GeForce GTX 1050 Ti 2GB, Windows 10 Home",https://webscraper.io./images/test-sites/e-commerce/items/cart2.png,Education White Paper,JP,education,Education White Paper
84,Computers,Laptops,https://webscraper.io./test-sites/e-commerce/allinone/product/122,MSI GL62M 7REX2,$1199,"MSI GL62M 7REX2, 15.6"" FHD, Core i7-7700HQ, 8GB, 1TB + 128GB SSD, GeForce GTX 1050 Ti 2GB, Windows 10 Home",https://webscraper.io./images/test-sites/e-commerce/items/cart2.png,Education White Paper,JP,education,Education White Paper
85,Computers,Laptops,https://webscraper.io./test-sites/e-commerce/allinone/product/123,Lenovo Yoga 910 Grey,$1199.73,"Lenovo Yoga 910 Grey, 13.9"" FHD Touch, Core i5-7200U, 8GB, 256GB SSD, Windows 10 Home",https://webscraper.io./images/test-sites/e-commerce/items/cart2.png,Education White Paper,JP,education,Education White Paper
86,Computers,Laptops,https://webscraper.io./test-sites/e-commerce/allinone/product/124,Toshiba Portege X30-D-10J Black/Blue,$1203.41,"Toshiba Portege X30-D-10J Black/Blue, 13.3"" FHD IPS, Core i5-7200U, 8GB, 256GB SSD, Windows 10 Pro",https://webscraper.io./images/test-sites/e-commerce/items/cart2.png,Education White Paper,JP,education,Education White Paper
87,Computers,Laptops,https://webscraper.io./test-sites/e-commerce/allinone/product/125,Lenovo IdeaPad Miix 510 Platinum Silver,$1212.16,"Lenovo IdeaPad Miix 510 Platinum Silver, 12.2"" IPS Touch, Core i5-7200U, 8GB, 256GB SSD, 4G, Windows 10 Pro",https://webscraper.io./images/test-sites/e-commerce/items/cart2.png,Education White Paper,JP,education,Education White Paper
88,Computers,Laptops,https://webscraper.io./test-sites/e-commerce/allinone/product/126,Acer Predator Helios 300 (PH317-51),$1221.58,"Acer Predator Helios 300 (PH317-51), 17.3"" FHD IPS, Core i7-7700HQ, 8GB, 1TB + 128GB SSD, GeForce GTX 1050 Ti 4GB, Windows 10 Home",https://webscraper.io./images/test-sites/e-commerce/items/cart2.png,Education White Paper,JP,education,Education White Paper
89,Computers,Laptops,https://webscraper.io./test-sites/e-commerce/allinone/product/43,ThinkPad Yoga,$1223.99,"12.5"" Touch, Core i5 4200U, 8GB, 500GB + 16GB SSD Cache, Windows",https://webscraper.io./images/test-sites/e-commerce/items/cart2.png,Education White Paper,JP,education,Education White Paper
90,Computers,Laptops,https://webscraper.io./test-sites/e-commerce/allinone/product/127,Asus VivoBook Pro 15 N580VN-FI006T Gold Metal,$1235.49,"Asus VivoBook Pro 15 N580VN-FI006T Gold Metal, 15.6"" UHD, Core i7-7700HQ, 16GB, 1TB + 256GB SSD, GeForce MX150 2GB, Windows 10 Home, Eng kbd",https://webscraper.io./images/test-sites/e-commerce/items/cart2.png,Education White Paper,JP,education,Education White Paper
91,Computers,Laptops,https://webscraper.io./test-sites/e-commerce/allinone/product/128,Dell Latitude 5480,$1238.37,"Dell Latitude 5480, 14"" FHD, Core i7-7600U, 8GB, 256GB SSD, Linux",https://webscraper.io./images/test-sites/e-commerce/items/cart2.png,Education White Paper,JP,education,Education White Paper
92,Computers,Laptops,https://webscraper.io./test-sites/e-commerce/allinone/product/129,Asus ZenBook UX530UX-FY040T Blue,$1239.2,"Asus ZenBook UX530UX-FY040T Blue, 15.6"" FHD, Core i7-7500U, 8GB, 512GB SSD, GeForce GTX950M 2GB, Windows 10 Home, Eng kbd",https://webscraper.io./images/test-sites/e-commerce/items/cart2.png,Education White Paper,JP,education,Education White Paper
93,Computers,Laptops,https://webscraper.io./test-sites/e-commerce/allinone/product/41,ThinkPad X230,$1244.99,"12.5"", Core i5 2.6GHz, 8GB, 180GB SSD, Win7 Pro 64bit",https://webscraper.io./images/test-sites/e-commerce/items/cart2.png,Education White Paper,JP,education,Education White Paper
94,Computers,Laptops,https://webscraper.io./test-sites/e-commerce/allinone/product/130,Asus ROG Strix GL753VE-GC096T,$1259,"Asus ROG Strix GL753VE-GC096T, 17.3"" FHD, Core i7-7700HQ, 8GB, 1TB + 128GB SSD, GeForce GTX 1050 Ti 4GB, Windows 10 Home, Eng kbd",https://webscraper.io./images/test-sites/e-commerce/items/cart2.png,Education White Paper,JP,education,Education White Paper
95,Computers,Laptops,https://webscraper.io./test-sites/e-commerce/allinone/product/131,"Apple MacBook Air 13""",$1260.13,"Apple MacBook Air 13"", i5 1.8GHz, 8GB, 256GB SSD, Intel HD 6000, ENG",https://webscraper.io./images/test-sites/e-commerce/items/cart2.png,Education White Paper,JP,education,Education White Paper
96,Computers,Laptops,https://webscraper.io./test-sites/e-commerce/allinone/product/132,Dell Latitude 5480,$1271.06,"Dell Latitude 5480, 14"" FHD, Core i7-7600U, 8GB, 1TB, GeForce GT930MX, Windows 10 Pro",https://webscraper.io./images/test-sites/e-commerce/items/cart2.png,Education White Paper,JP,education,Education White Paper
97,Computers,Laptops,https://webscraper.io./test-sites/e-commerce/allinone/product/133,Hewlett Packard Spectre 13-v106na Dark Ash Silver,$1273.11,"Hewlett Packard Spectre 13-v106na Dark Ash Silver, 13.3"" FHD IPS, Core i5-7200U, 8GB, 256GB SSD, Windows 10 Home",https://webscraper.io./images/test-sites/e-commerce/items/cart2.png,Education White Paper,JP,education,Education White Paper
98,Computers,Laptops,https://webscraper.io./test-sites/e-commerce/allinone/product/40,Dell XPS 13,$1281.99,"13.3"" Touch, Core i5-4210U, 8GB, 128GB SSD, Windows 8.1",https://webscraper.io./images/test-sites/e-commerce/items/cart2.png,Education White Paper,JP,education,Education White Paper
99,Computers,Laptops,https://webscraper.io./test-sites/e-commerce/allinone/product/134,Toshiba Portege Z30-C-16K Grey,$1294.74,"Toshiba Portege Z30-C-16K Grey, 13.3"" FHD, Core i5-6200U, 8GB, 256GB SSD, 4G, Windows 10 Pro",https://webscraper.io./images/test-sites/e-commerce/items/cart2.png,Education White Paper,JP,education,Education White Paper
100,Computers,Laptops,https://webscraper.io./test-sites/e-commerce/allinone/product/135,MSI GL62VR 7RFX,$1299,"MSI GL62VR 7RFX, 15.6"" FHD, Core i7-7700HQ, 8GB, 1TB + 256GB SSD, GeForce GTX 1060 3GB, Windows 10 Home",https://webscraper.io./images/test-sites/e-commerce/items/cart2.png,Education White Paper,JP,education,Education White Paper
101,Computers,Laptops,https://webscraper.io./test-sites/e-commerce/allinone/product/136,Dell Latitude 5480,$1310.39,"Dell Latitude 5480, 14"" FHD, Core i7-7600U, 8GB, 256GB SSD, Windows 10 Pro",https://webscraper.io./images/test-sites/e-commerce/items/cart2.png,Education White Paper,JP,education,Education White Paper
102,Computers,Laptops,https://webscraper.io./test-sites/e-commerce/allinone/product/35,ThinkPad X240,$1311.99,"12.5"", Core i5-4300U, 8GB, 240GB SSD, Win7 Pro 64bit",https://webscraper.io./images/test-sites/e-commerce/items/cart2.png,Education White Paper,JP,education,Education White Paper
103,Computers,Laptops,https://webscraper.io./test-sites/e-commerce/allinone/product/137,Hewlett Packard ProBook 640 G3,$1326.83,"Hewlett Packard ProBook 640 G3, 14"" FHD, Core i7-7600U, 8GB, 256GB SSD, Windows 10 Pro",https://webscraper.io./images/test-sites/e-commerce/items/cart2.png,Education White Paper,JP,education,Education White Paper
104,Computers,Laptops,https://webscraper.io./test-sites/e-commerce/allinone/product/138,"Apple MacBook Pro 13"" Space Gray",$1333,"Apple MacBook Pro 13"" Space Gray, Core i5 2.3GHz, 8GB, 128GB SSD, Iris Plus 640, ENG",https://webscraper.io./images/test-sites/e-commerce/items/cart2.png,Education White Paper,JP,education,Education White Paper
105,Computers,Laptops,https://webscraper.io./test-sites/e-commerce/allinone/product/139,Dell Latitude 5580,$1337.28,"Dell Latitude 5580, 15.6"" FHD, Core i7-7600U, 8GB, 256GB SSD, GeForce GT930MX, Windows 10 Pro",https://webscraper.io./images/test-sites/e-commerce/items/cart2.png,Education White Paper,JP,education,Education White Paper
106,Computers,Laptops,https://webscraper.io./test-sites/e-commerce/allinone/product/140,Dell Latitude 5480,$1338.37,"Dell Latitude 5480, 14"" FHD, Core i7-7600U, 8GB, 256GB SSD, Linux + Windows 10 Home",https://webscraper.io./images/test-sites/e-commerce/items/cart2.png,Education White Paper,JP,education,Education White Paper
107,Computers,Laptops,https://webscraper.io./test-sites/e-commerce/allinone/product/141,Dell Latitude 5580,$1341.22,"Dell Latitude 5580, 15.6"" FHD, Core i7-7600U, 16GB, 256GB SSD, GeForce GT930MX, Linux",https://webscraper.io./images/test-sites/e-commerce/items/cart2.png,Education White Paper,JP,education,Education White Paper
108,Computers,Laptops,https://webscraper.io./test-sites/e-commerce/allinone/product/142,"Apple MacBook Air 13""",$1347.78,"Apple MacBook Air 13"", Intel Core i5 1.8GHz, 8GB, 256GB SSD, Intel HD 6000, RUS",https://webscraper.io./images/test-sites/e-commerce/items/cart2.png,Education White Paper,JP,education,Education White Paper
109,Computers,Laptops,https://webscraper.io./test-sites/e-commerce/allinone/product/143,Lenovo ThinkPad T470,$1349.23,"Lenovo ThinkPad T470, 14"" FHD IPS, Core i5-7200U, 8GB, 256GB SSD, Windows 10 Pro",https://webscraper.io./images/test-sites/e-commerce/items/cart2.png,Education White Paper,JP,education,Education White Paper
110,Computers,Laptops,https://webscraper.io./test-sites/e-commerce/allinone/product/144,Lenovo ThinkPad Yoga 370 Black,$1362.24,"Lenovo ThinkPad Yoga 370 Black, 13.3"" FHD IPS Touch, Core i5-7200U, 8GB, 256GB SSD, 4G, Windows 10 Pro",https://webscraper.io./images/test-sites/e-commerce/items/cart2.png,Education White Paper,JP,education,Education White Paper
111,Computers,Laptops,https://webscraper.io./test-sites/e-commerce/allinone/product/145,Toshiba Portege X20W-D-10V Black/Blue,$1366.32,"Toshiba Portege X20W-D-10V Black/Blue, 12.5"" FHD Touch, Core i7-7500U, 8GB, 512GB SSD, Windows 10 Pro",https://webscraper.io./images/test-sites/e-commerce/items/cart2.png,Education White Paper,JP,education,Education White Paper
112,Computers,Laptops,https://webscraper.io./test-sites/e-commerce/allinone/product/146,Asus ASUSPRO B9440UA-GV0279R Gray,$1381.13,"Asus ASUSPRO B9440UA-GV0279R Gray, 14"" FHD, Core i7-7500U, 16GB, 512GB SSD, Windows 10 Pro, Eng kbd",https://webscraper.io./images/test-sites/e-commerce/items/cart2.png,Education White Paper,JP,education,Education White Paper
113,Computers,Laptops,https://webscraper.io./test-sites/e-commerce/allinone/product/56,Lenovo Legion Y720,$1399,"Lenovo Legion Y720, 15.6"" FHD IPS, Core i7-7700HQ, 8GB, 128GB SSD + 2TB HDD, GeForce GTX 1060 6GB, DOS, RGB backlit keyboard",https://webscraper.io./images/test-sites/e-commerce/items/cart2.png,Education White Paper,JP,education,Education White Paper
114,Computers,Laptops,https://webscraper.io./test-sites/e-commerce/allinone/product/147,Asus ROG Strix GL702VM-GC146T,$1399,"Asus ROG Strix GL702VM-GC146T, 17.3"" FHD, Core i7-7700HQ, 8GB, 1TB + 128GB SSD, GeForce GTX 1060 3GB, Windows 10 Home, Eng kbd",https://webscraper.io./images/test-sites/e-commerce/items/cart2.png,Education White Paper,JP,education,Education White Paper
115,Computers,Laptops,https://webscraper.io./test-sites/e-commerce/allinone/product/57,Asus ROG Strix GL702ZC-GC154T,$1769,"Asus ROG Strix GL702ZC-GC154T, 17.3"" FHD, Ryzen 7 1700, 16GB, 256GB + 1TB HDD, Radeon RX 580 4GB, Windows 10 Home",https://webscraper.io./images/test-sites/e-commerce/items/cart2.png,Education White Paper,JP,education,Education White Paper
116,Computers,Laptops,https://webscraper.io./test-sites/e-commerce/allinone/product/58,Asus ROG Strix GL702ZC-GC209T,$1769,"Asus ROG Strix GL702ZC-GC209T, 17.3"" FHD IPS, Ryzen 7 1700, 16GB, 256GB SSD + 1TB HDD, Radeon RX 580 4GB, Windows 10 Home",https://webscraper.io./images/test-sites/e-commerce/items/cart2.png,Education White Paper,JP,education,Education White Paper
117,Computers,Laptops,https://webscraper.io./test-sites/e-commerce/allinone/product/59,Asus ROG Strix SCAR Edition GL503VM-ED115T,$1799,"Asus ROG Strix SCAR Edition GL503VM-ED115T, 15.6"" FHD 120Hz, Core i7-7700HQ, 16GB, 256GB SSD + 1TB SSHD, GeForce GTX 1060 6GB, Windows 10 Home",https://webscraper.io./images/test-sites/e-commerce/items/cart2.png,Education White Paper,JP,education,Education White Paper
118,Computers,Tablets,https://webscraper.io./test-sites/e-commerce/allinone/product/10,Lenovo IdeaTab,$69.99,"7"" screen, Android",https://webscraper.io./images/test-sites/e-commerce/items/cart2.png,Education White Paper,JP,education,Education White Paper
119,Computers,Tablets,https://webscraper.io./test-sites/e-commerce/allinone/product/15,IdeaTab A3500L,$88.99,"Black, 7"" IPS, Quad-Core 1.2GHz, 8GB, Android 4.2",https://webscraper.io./images/test-sites/e-commerce/items/cart2.png,Education White Paper,JP,education,Education White Paper
120,Computers,Tablets,https://webscraper.io./test-sites/e-commerce/allinone/product/11,Acer Iconia,$96.99,"7"" screen, Android, 16GB",https://webscraper.io./images/test-sites/e-commerce/items/cart2.png,Education White Paper,JP,education,Education White Paper
121,Computers,Tablets,https://webscraper.io./test-sites/e-commerce/allinone/product/18,Galaxy Tab 3,$97.99,"7"", 8GB, Wi-Fi, Android 4.2, White",https://webscraper.io./images/test-sites/e-commerce/items/cart2.png,Education White Paper,JP,education,Education White Paper
122,Computers,Tablets,https://webscraper.io./test-sites/e-commerce/allinone/product/27,Iconia B1-730HD,$99.99,"Black, 7"", 1.6GHz Dual-Core, 8GB, Android 4.4",https://webscraper.io./images/test-sites/e-commerce/items/cart2.png,Education White Paper,JP,education,Education White Paper
123,Computers,Tablets,https://webscraper.io./test-sites/e-commerce/allinone/product/23,Memo Pad HD 7,$101.99,"IPS, Dual-Core 1.2GHz, 8GB, Android 4.3",https://webscraper.io./images/test-sites/e-commerce/items/cart2.png,Education White Paper,JP,education,Education White Paper
124,Computers,Tablets,https://webscraper.io./test-sites/e-commerce/allinone/product/12,Asus MeMO Pad,$102.99,"7"" screen, Android, 8GB",https://webscraper.io./images/test-sites/e-commerce/items/cart2.png,Education White Paper,JP,education,Education White Paper
125,Computers,Tablets,https://webscraper.io./test-sites/e-commerce/allinone/product/13,Amazon Kindle,$103.99,"6"" screen, wifi",https://webscraper.io./images/test-sites/e-commerce/items/cart2.png,Education White Paper,JP,education,Education White Paper
126,Computers,Tablets,https://webscraper.io./test-sites/e-commerce/allinone/product/22,Galaxy Tab 3,$107.99,"7"", 8GB, Wi-Fi, Android 4.2, Yellow",https://webscraper.io./images/test-sites/e-commerce/items/cart2.png,Education White Paper,JP,education,Education White Paper
127,Computers,Tablets,https://webscraper.io./test-sites/e-commerce/allinone/product/28,IdeaTab A8-50,$121.99,"Blue, 8"" IPS, Quad-Core 1.3GHz, 16GB, Android 4.2",https://webscraper.io./images/test-sites/e-commerce/items/cart2.png,Education White Paper,JP,education,Education White Paper
128,Computers,Tablets,https://webscraper.io./test-sites/e-commerce/allinone/product/20,MeMO Pad 7,$130.99,"White, 7"", Atom 1.2GHz, 8GB, Android 4.4",https://webscraper.io./images/test-sites/e-commerce/items/cart2.png,Education White Paper,JP,education,Education White Paper
129,Computers,Tablets,https://webscraper.io./test-sites/e-commerce/allinone/product/17,IdeaTab A3500-H,$148.99,"Blue, 7"" IPS, Quad-Core 1.3GHz, 8GB, 3G, Android 4.2",https://webscraper.io./images/test-sites/e-commerce/items/cart2.png,Education White Paper,JP,education,Education White Paper
130,Computers,Tablets,https://webscraper.io./test-sites/e-commerce/allinone/product/26,IdeaTab S5000,$172.99,"Silver, 7"" IPS, Quad-Core 1.2Ghz, 16GB, 3G, Android 4.2",https://webscraper.io./images/test-sites/e-commerce/items/cart2.png,Education White Paper,JP,education,Education White Paper
131,Computers,Tablets,https://webscraper.io./test-sites/e-commerce/allinone/product/21,Galaxy Tab 4,$233.99,"LTE (SM-T235), Quad-Core 1.2GHz, 8GB, Black",https://webscraper.io./images/test-sites/e-commerce/items/cart2.png,Education White Paper,JP,education,Education White Paper
132,Computers,Tablets,https://webscraper.io./test-sites/e-commerce/allinone/product/16,Galaxy Tab,$251.99,"16GB, White",https://webscraper.io./images/test-sites/e-commerce/items/cart2.png,Education White Paper,JP,education,Education White Paper
133,Computers,Tablets,https://webscraper.io./test-sites/e-commerce/allinone/product/25,MeMo PAD FHD 10,$320.99,"White, 10.1"" IPS, 1.6GHz, 2GB, 16GB, Android 4.2",https://webscraper.io./images/test-sites/e-commerce/items/cart2.png,Education White Paper,JP,education,Education White Paper
134,Computers,Tablets,https://webscraper.io./test-sites/e-commerce/allinone/product/29,Galaxy Note,$399.99,"10.1"", 3G, Android 4.0, Garnet Red",https://webscraper.io./images/test-sites/e-commerce/items/cart2.png,Education White Paper,JP,education,Education White Paper
135,Computers,Tablets,https://webscraper.io./test-sites/e-commerce/allinone/product/19,Galaxy Note,$489.99,"12.2"", 32GB, WiFi, Android 4.4, White",https://webscraper.io./images/test-sites/e-commerce/items/cart2.png,Education White Paper,JP,education,Education White Paper
136,Computers,Tablets,https://webscraper.io./test-sites/e-commerce/allinone/product/14,iPad Mini Retina,$537.99,"Wi-Fi + Cellular, 32GB, Silver",https://webscraper.io./images/test-sites/e-commerce/items/cart2.png,Education White Paper,JP,education,Education White Paper
137,Computers,Tablets,https://webscraper.io./test-sites/e-commerce/allinone/product/24,Galaxy Note 10.1,$587.99,"10.1"", 32GB, Black",https://webscraper.io./images/test-sites/e-commerce/items/cart2.png,Education White Paper,JP,education,Education White Paper
138,Computers,Tablets,https://webscraper.io./test-sites/e-commerce/allinone/product/30,Apple iPad Air,$603.99,"Wi-Fi, 64GB, Silver",https://webscraper.io./images/test-sites/e-commerce/items/cart2.png,Education White Paper,JP,education,Education White Paper
139,Phones,Touch,https://webscraper.io./test-sites/e-commerce/allinone/product/1,Nokia 123,$24.99,7 day battery,https://webscraper.io./images/test-sites/e-commerce/items/cart2.png,Education White Paper,JP,education,Education White Paper
140,Phones,Touch,https://webscraper.io./test-sites/e-commerce/allinone/product/2,LG Optimus,$57.99,"3.2"" screen",https://webscraper.io./images/test-sites/e-commerce/items/cart2.png,Education White Paper,JP,education,Education White Paper
141,Phones,Touch,https://webscraper.io./test-sites/e-commerce/allinone/product/3,Samsung Galaxy,$93.99,5 mpx. Android 5.0,https://webscraper.io./images/test-sites/e-commerce/items/cart2.png,Education White Paper,JP,education,Education White Paper
142,Phones,Touch,https://webscraper.io./test-sites/e-commerce/allinone/product/4,Nokia X,$109.99,"Andoid, Jolla dualboot",https://webscraper.io./images/test-sites/e-commerce/items/cart2.png,Education White Paper,JP,education,Education White Paper
143,Phones,Touch,https://webscraper.io./test-sites/e-commerce/allinone/product/5,Sony Xperia,$118.99,"GPS, waterproof",https://webscraper.io./images/test-sites/e-commerce/items/cart2.png,Education White Paper,JP,education,Education White Paper
144,Phones,Touch,https://webscraper.io./test-sites/e-commerce/allinone/product/6,Ubuntu Edge,$499.99,Sapphire glass,https://webscraper.io./images/test-sites/e-commerce/items/cart2.png,Education White Paper,JP,education,Education White Paper
145,Phones,Touch,https://webscraper.io./test-sites/e-commerce/allinone/product/7,Iphone,$899.99,White,https://webscraper.io./images/test-sites/e-commerce/items/cart2.png,Education White Paper,JP,education,Education White Paper
146,Phones,Touch,https://webscraper.io./test-sites/e-commerce/allinone/product/8,Iphone,$899.99,Silver,https://webscraper.io./images/test-sites/e-commerce/items/cart2.png,Education White Paper,JP,education,Education White Paper
147,Phones,Touch,https://webscraper.io./test-sites/e-commerce/allinone/product/9,Iphone,$899.99,Black,https://webscraper.io./images/test-sites/e-commerce/items/cart2.png,Education White Paper,JP,education,Education White Paper
